[
	{
		"dropId": 22010010,
		"dropList": [
			{ "ballId": 2024, "count": 1 }
		]
	},
	{
		"dropId": 22010030,
		"dropList": [
			{ "ballId": 2008, "count": 1 }
		]
	},
	{
		"dropId": 22010050,
		"dropList": [
			{ "ballId": 2024, "count": 3 },
			{ "ballId": 2008, "count": 1 }
		]
	},
	{
		"dropId": 22010013,
		"dropList": [
			{ "ballId": 2019, "count": 1 }
		]
	},
	{
		"dropId": 22010033,
		"dropList": [
			{ "ballId": 2003, "count": 1 }
		]
	},
	{
		"dropId": 22010015,
		"dropList": [
			{ "ballId": 2021, "count": 1 }
		]
	},
	{
		"dropId": 22010035,
		"dropList": [
			{ "ballId": 2005, "count": 1 }
		]
	},
	{
		"dropId": 22010034,
		"dropList": [
			{ "ballId": 2004, "count": 1 }
		]
	},
	{
		"dropId": 22010037,
		"dropList": [
			{ "ballId": 2007, "count": 1 }
		]
	},
	{
		"dropId": 22010032,
		"dropList": [
			{ "ballId": 2002, "count": 1 }
		]
	},
	{
		"dropId": 22010022,
		"dropList": [
			{ "ballId": 2018, "count": 1 }
		]
	},
	{
		"dropId": 22010036,
		"dropList": [
			{ "ballId": 2006, "count": 1 }
		]
	},
	{
		"dropId": 22010026,
		"dropList": [
			{ "ballId": 2022, "count": 1 }
		]
	},
	{
		"dropId": 22010031,
		"dropList": [
			{ "ballId": 2001, "count": 1 }
		]
	},

	{
		"dropId": 22010014,
		"dropList": [
			{ "ballId": 2020, "count": 1 }
		]
	},
	{
		"dropId": 22010016,
		"dropList": [
			{ "ballId": 2022, "count": 1 }
		]
	},
	{
		"dropId": 22010012,
		"dropList": [
			{ "ballId": 2018, "count": 1 }
		]
	},
	{
		"dropId": 22010024,
		"dropList": [
			{ "ballId": 2004, "count": 1 }
		]
	},
	{
		"dropId": 22010011,
		"dropList": [
			{ "ballId": 2017, "count": 1 }
		]
	},
	{
		"dropId": 22010017,
		"dropList": [
			{ "ballId": 2023, "count": 1 }
		]
	},
	{
		"dropId": 22010021,
		"dropList": [
			{ "ballId": 2017, "count": 1 }
		]
	},
	{
		"dropId": 22010027,
		"dropList": [
			{ "ballId": 2007, "count": 1 }
		]
	},
	{
		"dropId": 22010040,
		"dropList": [
			{ "ballId": 2024, "count": 1 },
			{ "ballId": 2008, "count": 1 }
		]
	},
	{
		"dropId": 22010025,
		"dropList": [
			{ "ballId": 2021, "count": 2 }
		]
	},
	{
		"dropId": 22010020,
		"dropList": [
			{ "ballId": 2024, "count": 1 }
		]
	},
	{
		"dropId": 22003100,
		"dropList": [
		]
	},
	{
		"dropId": 22001000,
		"dropList": [
		]
	},
	{
		"dropId": 22000100,
		"dropList": [
		]
	},
	{
		"dropId": 22003000,
		"dropList": [
		]
	},
	{
		"dropId": 22001100,
		"dropList": [
		]
	},
	{
		"dropId": 22000000,
		"dropList": [
		]
	}
]