[
    {
        "configId": 1,
        "comment": "Gladiator",
        "items": [75513, 75514, 75523, 75524, 75533, 75534, 75543, 75544, 75553, 75554]
    },
    {
        "configId": 2,
        "comment": "Wanderer's Troupe",
        "items": [77513, 77514, 77523, 77524, 77533, 77534, 77543, 77544, 77553, 77554]
    },
    {
        "configId": 3,
        "comment": "Bloodstained",
        "items": [82513, 82514, 82523, 82524, 82533, 82534, 82543, 82544, 82553, 82554]
    },
    {
        "configId": 4,
        "comment": "Noblesse",
        "items": [81513, 81514, 81523, 81524, 81533, 81534, 81543, 81544, 81553, 81554]
    }
]