[
  {
    "itemId": 115017,
    "optionItem": [
      104302,
      104305,
      104308,
      104311,
      104314,
      104317,
      104321,
      104324,
      104327
    ]
  },
  {
    "itemId": 115024,
    "optionItem": [
      114001,
      114005,
      114009,
      114013,
      114017,
      114021,
      114025,
      114029,
      114033
    ]
  },
  {
    "itemId": 115013,
    "optionItem": [
      104112,
      104122,
      104142,
      104152,
      104162,
      104172
    ]
  },
  {
    "itemId": 115025,
    "optionItem": [
      114002,
      114006,
      114010,
      114014,
      114018,
      114022,
      114026,
      114030,
      114034
    ]
  }
]
