[
	{
		"avatarId": 10000002,
		"name": "Kamisato Ayaka",
		"amountList": [
			{
				"value": 4,
				"chance": 50
			},
			{
				"value": 5,
				"chance": 50
			}
		]
	},
	{
		"avatarId": 10000003,
		"name": "Jean",
		"amountList": [
			{
				"value": 2,
				"chance": 33
			},
			{
				"value": 3,
				"chance": 67
			}
		]
	},
	{
		"avatarId": 10000005,
		"name": "Traveler",
		"amountList": [
			{
				"value": 3,
				"chance": 67
			},
			{
				"value": 4,
				"chance": 33
			}
		]
	},
	{
		"avatarId": 10000006,
		"name": "Lisa",
		"amountList": [
			{
				"value": 5,
				"chance": 100
			}
		]
	},
	{
		"avatarId": 10000007,
		"name": "Traveler",
		"amountList": [
			{
				"value": 3,
				"chance": 67
			},
			{
				"value": 4,
				"chance": 33
			}
		]
	},
	{
		"avatarId": 10000014,
		"name": "Barbara",
		"amountList": [
			{
				"value": 0,
				"chance": 100
			}
		]
	},
	{
		"avatarId": 10000015,
		"name": "Kaeya",
		"amountList": [
			{
				"value": 2,
				"chance": 33
			},
			{
				"value": 3,
				"chance": 67
			}
		]
	},
	{
		"avatarId": 10000016,
		"name": "Diluc",
		"amountList": [
			{
				"value": 1,
				"chance": 33
			},
			{
				"value": 2,
				"chance": 67
			}
		]
	},
	{
		"avatarId": 10000020,
		"name": "Razor",
		"amountList": [
			{
				"value": 3,
				"chance": 100
			}
		]
	},
	{
		"avatarId": 10000021,
		"name": "Amber",
		"amountList": [
			{
				"value": 4,
				"chance": 100
			}
		]
	},
	{
		"avatarId": 10000022,
		"name": "Venti",
		"amountList": [
			{
				"value": 3,
				"chance": 100
			}
		]
	},
	{
		"avatarId": 10000023,
		"name": "Xiangling",
		"amountList": [
			{
				"value": 1,
				"chance": 100
			}
		]
	},
	{
		"avatarId": 10000024,
		"name": "Beidou",
		"amountList": [
			{
				"value": 2,
				"chance": 100
			}
		]
	},
	{
		"avatarId": 10000025,
		"name": "Xingqiu",
		"amountList": [
			{
				"value": 5,
				"chance": 100
			}
		]
	},
	{
		"avatarId": 10000026,
		"name": "Xiao",
		"amountList": [
			{
				"value": 3,
				"chance": 100
			}
		]
	},
	{
		"avatarId": 10000027,
		"name": "Ningguang",
		"amountList": [
			{
				"value": 3,
				"chance": 33
			},
			{
				"value": 4,
				"chance": 67
			}
		]
	},
	{
		"avatarId": 10000029,
		"name": "Klee",
		"amountList": [
			{
				"value": 4,
				"chance": 100
			}
		]
	},
	{
		"avatarId": 10000030,
		"name": "Zhongli",
		"amountList": [
			{
				"value": 1,
				"chance": 100
			}
		]
	},
	{
		"avatarId": 10000031,
		"name": "Fischl",
		"amountList": [
			{
				"value": 1,
				"chance": 100
			}
		]
	},
	{
		"avatarId": 10000032,
		"name": "Bennett",
		"amountList": [
			{
				"value": 2,
				"chance": 75
			},
			{
				"value": 3,
				"chance": 25
			}
		]
	},
	{
		"avatarId": 10000033,
		"name": "Tartaglia",
		"amountList": [
			{
				"value": 1,
				"chance": 100
			}
		]
	},
	{
		"avatarId": 10000034,
		"name": "Noelle",
		"amountList": [
			{
				"value": 0,
				"chance": 100
			}
		]
	},
	{
		"avatarId": 10000035,
		"name": "Qiqi",
		"amountList": [
			{
				"value": 0,
				"chance": 100
			}
		]
	},
	{
		"avatarId": 10000036,
		"name": "Chongyun",
		"amountList": [
			{
				"value": 4,
				"chance": 100
			}
		]
	},
	{
		"avatarId": 10000037,
		"name": "Ganyu",
		"amountList": [
			{
				"value": 2,
				"chance": 100
			}
		]
	},
	{
		"avatarId": 10000038,
		"name": "Albedo",
		"amountList": [
			{
				"value": 1,
				"chance": 100
			}
		]
	},
	{
		"avatarId": 10000039,
		"name": "Diona",
		"amountList": [
			{
				"value": 1,
				"chance": 100
			}
		]
	},
	{
		"avatarId": 10000041,
		"name": "Mona",
		"amountList": [
			{
				"value": 3,
				"chance": 67
			},
			{
				"value": 4,
				"chance": 33
			}
		]
	},
	{
		"avatarId": 10000042,
		"name": "Keqing",
		"amountList": [
			{
				"value": 2,
				"chance": 50
			},
			{
				"value": 3,
				"chance": 50
			}
		]
	},
	{
		"avatarId": 10000043,
		"name": "Sucrose",
		"amountList": [
			{
				"value": 4,
				"chance": 100
			}
		]
	},
	{
		"avatarId": 10000044,
		"name": "Xinyan",
		"amountList": [
			{
				"value": 4,
				"chance": 100
			}
		]
	},
	{
		"avatarId": 10000045,
		"name": "Rosaria",
		"amountList": [
			{
				"value": 3,
				"chance": 100
			}
		]
	},
	{
		"avatarId": 10000046,
		"name": "Hu Tao",
		"amountList": [
			{
				"value": 2,
				"chance": 50
			},
			{
				"value": 3,
				"chance": 50
			}
		]
	},
	{
		"avatarId": 10000047,
		"name": "Kaedehara Kazuha",
		"amountList": [
			{
				"value": 3,
				"chance": 50
			},
			{
				"value": 4,
				"chance": 50
			}
		]
	},
	{
		"avatarId": 10000048,
		"name": "Yanfei",
		"amountList": [
			{
				"value": 3,
				"chance": 100
			}
		]
	},
	{
		"avatarId": 10000049,
		"name": "Yoimiya",
		"amountList": [
			{
				"value": 1,
				"chance": 100
			}
		]
	},
	{
		"avatarId": 10000050,
		"name": "Thoma",
		"amountList": [
			{
				"value": 3,
				"chance": 50
			},
			{
				"value": 4,
				"chance": 50
			}
		]
	},
	{
		"avatarId": 10000051,
		"name": "Eula",
		"amountList": [
			{
				"value": 1,
				"chance": 50
			},
			{
				"value": 2,
				"chance": 50
			}
		]
	},
	{
		"avatarId": 10000052,
		"name": "Raiden Shogun",
		"amountList": [
			{
				"value": 1,
				"chance": 100
			}
		]
	},
	{
		"avatarId": 10000053,
		"name": "Sayu",
		"amountList": [
			{
				"value": 2,
				"chance": 100
			}
		]
	},
	{
		"avatarId": 10000054,
		"name": "Sangonomiya Kokomi",
		"amountList": [
			{
				"value": 1,
				"chance": 100
			}
		]
	},
	{
		"avatarId": 10000055,
		"name": "Gorou",
		"amountList": [
			{
				"value": 2,
				"chance": 100
			}
		]
	},
	{
		"avatarId": 10000056,
		"name": "Kujou Sara",
		"amountList": [
			{
				"value": 3,
				"chance": 100
			}
		]
	},
	{
		"avatarId": 10000057,
		"name": "Arataki Itto",
		"amountList": [
			{
				"value": 3,
				"chance": 50
			},
			{
				"value": 4,
				"chance": 50
			}
		]
	},
	{
		"avatarId": 10000058,
		"name": "Yae Miko",
		"amountList": [
			{
				"value": 1,
				"chance": 100
			}
		]
	},
	{
		"avatarId": 10000060,
		"name": "Yelan",
		"amountList": [
			{
				"value": 4,
				"chance": 100
			}
		]
	},
	{
		"avatarId": 10000062,
		"name": "Aloy",
		"amountList": [
			{
				"value": 5,
				"chance": 100
			}
		]
	},
	{
		"avatarId": 10000063,
		"name": "Shenhe",
		"amountList": [
			{
				"value": 3,
				"chance": 100
			}
		]
	},
	{
		"avatarId": 10000064,
		"name": "Yun Jin",
		"amountList": [
			{
				"value": 2,
				"chance": 100
			}
		]
	},
	{
		"avatarId": 10000065,
		"name": "Kuki Shinobu",
		"amountList": [
			{
				"value": 1,
				"chance": 100
			}
		]
	},
	{
		"avatarId": 10000066,
		"name": "Kamisato Ayato",
		"amountList": [
			{
				"value": 1,
				"chance": 50
			},
			{
				"value": 2,
				"chance": 50
			}
		]
	}
]
